Date,IR64_I,IR64_II,IR64_III
2018-01-01,11800,11100,7800
2018-01-02,11850,11300,8400
2018-01-03,11950,11350,8400
2018-01-04,11975,11400,8400
2018-01-05,12050,11450,8800
2018-01-06,12050,11450,8800
2018-01-07,12050,11450,8800
2018-01-08,12300,11675,8800
2018-01-09,12350,11750,8900
2018-01-10,12450,11800,8900
2018-01-11,12475,11800,8900
2018-01-12,12475,11825,8900
2018-01-13,12475,11825,8900
2018-01-14,12475,11825,8900
2018-01-15,12475,11875,8900
2018-01-16,12575,11950,8900
2018-01-17,12600,11975,8900
2018-01-18,12650,11975,8900
2018-01-19,12650,11975,8900
2018-01-20,12650,11975,8900
2018-01-21,12650,11975,8900
2018-01-22,12650,12000,8900
2018-01-23,12650,12050,8900
2018-01-24,12650,12050,8900
2018-01-25,12650,12075,8900
2018-01-26,12650,12075,8900
2018-01-27,12475,11775,8650
2018-01-28,12475,11775,8650
2018-01-29,12225,11575,8525
2018-01-30,12225,11575,8525
2018-01-31,12200,11500,8525
2018-02-01,12200,11500,8525
2018-02-02,12100,11500,8500
2018-02-03,12050,11450,8500
2018-02-04,12050,11450,8500
2018-02-05,12050,11325,8500
2018-02-06,12100,11525,8500
2018-02-07,12275,11650,8500
2018-02-08,12325,11725,8500
2018-02-09,12325,11775,8500
2018-02-10,12325,11775,8500
2018-02-11,12325,11775,8500
2018-02-12,12200,11675,8500
2018-02-13,12200,11675,8500
2018-02-14,12200,11600,8500
2018-02-15,12125,11600,8500
2018-02-16,12125,11600,8500
2018-02-17,12125,11600,8500
2018-02-18,12125,11600,8500
2018-02-19,11875,11150,8500
2018-02-20,11850,11100,8500
2018-02-21,11850,11025,8500
2018-02-22,11725,10800,8500
2018-02-23,11675,10725,8500
2018-02-24,11675,10725,8500
2018-02-25,11675,10725,8500
2018-02-26,11550,10450,8500
2018-02-27,11525,10450,8500
2018-02-28,11525,10400,8500
2018-03-01,11475,10625,8500
2018-03-02,11525,10525,8500
2018-03-03,11525,10525,8500
2018-03-04,11525,10525,8500
2018-03-05,11425,10475,8500
2018-03-06,11375,10300,8775
2018-03-07,11300,10250,8800
2018-03-08,11350,10300,8900
2018-03-09,11575,10300,9000
2018-03-10,11575,10300,9000
2018-03-11,11575,10300,9000
2018-03-12,11450,10325,9150
2018-03-13,11450,10425,9175
2018-03-14,11325,10400,9175
2018-03-15,11425,10400,9225
2018-03-16,11250,10175,9275
2018-03-17,11250,10175,9275
2018-03-18,11250,10175,9275
2018-03-19,11500,10325,9225
2018-03-20,11425,10325,9225
2018-03-21,11275,10300,9275
2018-03-22,11325,10425,9275
2018-03-23,11225,10425,9275
2018-03-24,11225,10425,9275
2018-03-25,11225,10425,9275
2018-03-26,11250,10375,9325
2018-03-27,11050,10225,9150
2018-03-28,10900,10025,9025
2018-03-29,10750,9800,8850
2018-03-30,10750,9800,8850
2018-03-31,10750,9800,8850
2018-04-01,10750,9800,8850
2018-04-02,10825,9850,8725
2018-04-03,10825,9525,8575
2018-04-04,10500,9450,8525
2018-04-05,10500,9500,8550
2018-04-06,10475,9450,8500
2018-04-07,10475,9450,8500
2018-04-08,10475,9450,8500
2018-04-09,10525,9525,8600
2018-04-10,10525,9425,8550
2018-04-11,10325,9375,8500
2018-04-12,10525,9475,8475
2018-04-13,10350,9425,8550
2018-04-14,10350,9425,8550
2018-04-15,10350,9425,8550
2018-04-16,10500,9600,8575
2018-04-17,10425,9500,8475
2018-04-18,10525,9500,8475
2018-04-19,10450,9575,8500
2018-04-20,10450,9500,8425
2018-04-21,10450,9500,8425
2018-04-22,10450,9500,8425
2018-04-23,10525,9650,8400
2018-04-24,10600,9575,8475
2018-04-25,10700,9675,8500
2018-04-26,10725,9775,8550
2018-04-27,10725,9775,8550
2018-04-28,10725,9775,8550
2018-04-29,10725,9775,8550
2018-04-30,10650,9800,8725
2018-05-01,10650,9800,8725
2018-05-02,10625,9875,8725
2018-05-03,10800,9850,8700
2018-05-04,10550,9725,8775
2018-05-05,10550,9725,8775
2018-05-06,10550,9725,8775
2018-05-07,10525,9525,8525
2018-05-08,10550,9575,8525
2018-05-09,10625,9600,8600
2018-05-10,10625,9600,8600
2018-05-11,10675,9600,8600
2018-05-12,10675,9600,8600
2018-05-13,10675,9600,8600
2018-05-14,10650,9550,8575
2018-05-15,10650,9425,8575
2018-05-16,10600,9575,8725
2018-05-17,10650,9625,8750
2018-05-18,10625,9600,8725
2018-05-19,10625,9600,8725
2018-05-20,10625,9600,8725
2018-05-21,10600,9725,8800
2018-05-22,10500,9600,8750
2018-05-23,10550,9600,8750
2018-05-24,10600,9700,8750
2018-05-25,10550,9675,8700
2018-05-26,10550,9675,8700
2018-05-27,10550,9675,8700
2018-05-28,10425,9525,8625
2018-05-29,10425,9525,8625
2018-05-30,10475,9525,8650
2018-05-31,10500,9400,8425
2018-06-01,10500,9400,8425
2018-06-02,10500,9400,8425
2018-06-03,10500,9400,8425
2018-06-04,10425,9500,8375
2018-06-05,10275,9400,8450
2018-06-06,10250,9375,8400
2018-06-07,10275,9375,8400
2018-06-08,10300,9450,8450
2018-06-09,10300,9450,8450
2018-06-10,10300,9450,8450
2018-06-11,10300,9450,8450
2018-06-12,10300,9450,8450
2018-06-13,10300,9450,8450
2018-06-14,10300,9450,8450
2018-06-15,10300,9450,8450
2018-06-16,10300,9450,8450
2018-06-17,10300,9450,8450
2018-06-18,10300,9450,8450
2018-06-19,10300,9450,8450
2018-06-20,10300,9450,8450
2018-06-21,10275,9400,8450
2018-06-22,10275,9375,8400
2018-06-23,10275,9375,8400
2018-06-24,10275,9375,8400
2018-06-25,10175,9325,8350
2018-06-26,10325,9500,8350
2018-06-27,10325,9500,8350
2018-06-28,10350,9400,8375
2018-06-29,10350,9350,8300
2018-06-30,10350,9350,8300
2018-07-01,10350,9350,8300
2018-07-02,10200,9400,8300
2018-07-03,10150,9325,8250
2018-07-04,10150,9325,8250
2018-07-05,10150,9400,8275
2018-07-06,10150,9300,8225
2018-07-07,10150,9300,8225
2018-07-08,10150,9300,8225
2018-07-09,10200,9325,8225
2018-07-10,10200,9150,8250
2018-07-11,10150,9150,8300
2018-07-12,10050,9050,8350
2018-07-13,10000,9025,8275
2018-07-14,10000,9025,8275
2018-07-15,10000,9025,8275
2018-07-16,10075,9025,8325
2018-07-17,10125,9125,8400
2018-07-18,10050,9025,8350
2018-07-19,10075,9175,8400
2018-07-20,10025,9175,8400
2018-07-21,10025,9175,8400
2018-07-22,10025,9175,8400
2018-07-23,10050,9200,8450
2018-07-24,10200,9250,8400
2018-07-25,10075,9175,8350
2018-07-26,10100,9200,8400
2018-07-27,10000,9100,8375
2018-07-28,10000,9100,8375
2018-07-29,10000,9100,8375
2018-07-30,10125,9200,8425
2018-07-31,10000,9275,8425
2018-08-01,10100,9375,8525
2018-08-02,10100,9225,8475
2018-08-03,10125,9325,8475
2018-08-04,10125,9325,8475
2018-08-05,10125,9325,8475
2018-08-06,10250,9500,8475
2018-08-07,10275,9550,8575
2018-08-08,10350,9575,8600
2018-08-09,10400,9625,8700
2018-08-10,10350,9650,8700
2018-08-11,10350,9650,8700
2018-08-12,10350,9650,8700
2018-08-13,10450,9650,8700
2018-08-14,10400,9600,8725
2018-08-15,10400,9525,8700
2018-08-16,10375,9450,8700
2018-08-17,10375,9450,8700
2018-08-18,10375,9450,8700
2018-08-19,10375,9450,8700
2018-08-20,10275,9575,8875
2018-08-21,10275,9600,8925
2018-08-22,10275,9600,8925
2018-08-23,10275,9525,8950
2018-08-24,10325,9550,8900
2018-08-25,10325,9550,8900
2018-08-26,10325,9550,8900
2018-08-27,10375,9625,8800
2018-08-28,10425,9700,8800
2018-08-29,10425,9775,8900
2018-08-30,10425,9775,8900
2018-08-31,10425,9600,8850
2018-09-01,10425,9600,8850
2018-09-02,10425,9600,8850
2018-09-03,10325,9650,8800
2018-09-04,10375,9625,8800
2018-09-05,10500,9600,8800
2018-09-06,10375,9550,8875
2018-09-07,10350,9550,8775
2018-09-08,10350,9550,8775
2018-09-09,10350,9550,8775
2018-09-10,10250,9475,8675
2018-09-11,10250,9475,8675
2018-09-12,10300,9650,8775
2018-09-13,10275,9575,8775
2018-09-14,10375,9625,8825
2018-09-15,10375,9625,8825
2018-09-16,10375,9625,8825
2018-09-17,10325,9550,8750
2018-09-18,10325,9475,8700
2018-09-19,10300,9550,8750
2018-09-20,10300,9525,8725
2018-09-21,10300,9500,8675
2018-09-22,10300,9500,8675
2018-09-23,10300,9500,8675
2018-09-24,10325,9600,8850
2018-09-25,10350,9625,8800
2018-09-26,10400,9600,8750
2018-09-27,10375,9675,8750
2018-09-28,10325,9650,8750
2018-09-29,10325,9650,8750
2018-09-30,10325,9650,8750
2018-10-01,10275,9600,8800
2018-10-02,10375,9625,8850
2018-10-03,10375,9625,8850
2018-10-04,10325,9550,8800
2018-10-05,10325,9575,8850
2018-10-06,10325,9575,8850
2018-10-07,10325,9575,8850
2018-10-08,10275,9550,8850
2018-10-09,10275,9625,8850
2018-10-10,10325,9625,8875
2018-10-11,10350,9625,8800
2018-10-12,10350,9625,8825
2018-10-13,10350,9625,8825
2018-10-14,10350,9625,8825
2018-10-15,10350,9625,8850
2018-10-16,10350,9575,8850
2018-10-17,10350,9650,8875
2018-10-18,10300,9625,8875
2018-10-19,10300,9625,8900
2018-10-20,10300,9625,8900
2018-10-21,10300,9625,8900
2018-10-22,10325,9575,8900
2018-10-23,10325,9675,8900
2018-10-24,10375,9800,8900
2018-10-25,10375,9800,8925
2018-10-26,10425,9875,8975
2018-10-27,10425,9875,9000
2018-10-28,10425,9875,9000
2018-10-29,10475,9925,9000
2018-10-30,10500,9975,9000
2018-10-31,10500,9975,9025
2018-11-01,10450,9850,9075
2018-11-02,10450,9875,9075
2018-11-03,10450,9875,9075
2018-11-04,10450,9875,9075
2018-11-05,10450,9875,9100
2018-11-06,10475,9900,9150
2018-11-07,10500,9900,9150
2018-11-08,10525,9900,9150
2018-11-09,10525,9925,9175
2018-11-10,10525,9925,9175
2018-11-11,10525,9925,9175
2018-11-12,10550,9925,9200
2018-11-13,10550,9925,9200
2018-11-14,10550,9925,9225
2018-11-15,10550,9925,9225
2018-11-16,10550,9925,9225
2018-11-17,10550,9925,9225
2018-11-18,10550,9925,9225
2018-11-19,10550,9925,9225
2018-11-20,10550,9925,9225
2018-11-21,10550,9925,9225
2018-11-22,10550,9925,9225
2018-11-23,10550,9850,9050
2018-11-24,10550,9850,9050
2018-11-25,10550,9850,9050
2018-11-26,10550,9850,9050
2018-11-27,10550,9850,8900
2018-11-28,10550,9850,8750
2018-11-29,10550,9850,8750
2018-11-30,10550,9825,8750
2018-12-01,10550,9825,8750
2018-12-02,10550,9825,8750
2018-12-03,10550,9825,8500
2018-12-04,10550,9825,8500
2018-12-05,10550,9850,8500
2018-12-06,10550,9875,8500
2018-12-07,10550,9900,8500
2018-12-08,10550,9900,8500
2018-12-09,10550,9900,8500
2018-12-10,10550,9925,8500
2018-12-11,10550,9925,8500
2018-12-12,10550,9925,8500
2018-12-13,10600,9975,8500
2018-12-14,10600,9975,8500
2018-12-15,10600,9975,8500
2018-12-16,10600,9975,8500
2018-12-17,10600,10025,8500
2018-12-18,10600,10025,8500
2018-12-19,10600,10025,8500
2018-12-20,10625,10025,8500
2018-12-21,10650,10075,8500
2018-12-22,10650,10075,8500
2018-12-23,10650,10075,8500
2018-12-24,10650,10075,8500
2018-12-25,10650,10075,8500
2018-12-26,10700,10125,8500
2018-12-27,10750,10150,8500
2018-12-28,10800,10200,8500
2018-12-29,10800,10200,8500
2018-12-30,10800,10200,8500
2018-12-31,10800,10200,8500
2019-01-01,10800,10200,8500
2019-01-02,10875,10300,8500
2019-01-03,10950,10350,8500
2019-01-04,11000,10400,8500
2019-01-05,11000,10400,8500
2019-01-06,11000,10400,8500
2019-01-07,11050,10450,8500
2019-01-08,11125,10500,8500
2019-01-09,11175,10550,8500
2019-01-10,11175,10550,8500
2019-01-11,11125,10525,8500
2019-01-12,11125,10525,8500
2019-01-13,11125,10525,8500
2019-01-14,11100,10500,8500
2019-01-15,11075,10450,8500
2019-01-16,11050,10400,8500
2019-01-17,11050,10400,8500
2019-01-18,11050,10400,8500
2019-01-19,11050,10400,8500
2019-01-20,11050,10400,8500
2019-01-21,11050,10400,8500
2019-01-22,11000,10350,8500
2019-01-23,11025,10350,8500
2019-01-24,11025,10350,8500
2019-01-25,11025,10325,8500
2019-01-26,11025,10325,8500
2019-01-27,11025,10325,8500
2019-01-28,11000,10275,8500
2019-01-29,11000,10275,8500
2019-01-30,11000,10300,8500
2019-01-31,11000,10300,8500
2019-02-01,11000,10300,8500
2019-02-02,11000,10300,8500
2019-02-03,11000,10300,8500
2019-02-04,11000,10300,8500
2019-02-05,11000,10300,8500
2019-02-06,11000,10275,8500
2019-02-07,10975,10250,8500
2019-02-08,10950,10225,8500
2019-02-09,10950,10225,8500
2019-02-10,10950,10225,8500
2019-02-11,10950,10225,8500
2019-02-12,10925,10200,8500
2019-02-13,10900,10150,8500
2019-02-14,10900,10125,8500
2019-02-15,10875,10125,8500
2019-02-16,10875,10125,8500
2019-02-17,10875,10125,8500
2019-02-18,10850,10100,8500
2019-02-19,10825,10075,8500
2019-02-20,10825,10075,8500
2019-02-21,10825,10050,8500
2019-02-22,10825,10075,8500
2019-02-23,10825,10075,8500
2019-02-24,10800,10075,8500
2019-02-25,10775,10050,8500
2019-02-26,10775,10050,8500
2019-02-27,10775,10050,8500
2019-02-28,10800,10075,8500
2019-03-01,10800,10100,8500
2019-03-02,10800,10100,8500
2019-03-03,10800,10100,8500
2019-03-04,10800,10075,8500
2019-03-05,10775,10075,8500
2019-03-06,10775,10075,8500
2019-03-07,10775,10075,8500
2019-03-08,10750,10050,8500
2019-03-09,10750,10050,8500
2019-03-10,10750,10050,8500
2019-03-11,10725,10050,8500
2019-03-12,10725,10025,8500
2019-03-13,10700,10025,8500
2019-03-14,10675,10000,8500
2019-03-15,10650,9975,8500
2019-03-16,10650,9975,8500
2019-03-17,10650,9975,8500
2019-03-18,10650,9975,8500
2019-03-19,10650,9950,8500
2019-03-20,10625,9925,8500
2019-03-21,10600,9900,8500
2019-03-22,10575,9875,8500
2019-03-23,10575,9875,8500
2019-03-24,10575,9875,8500
2019-03-25,10550,9850,8500
2019-03-26,10550,9825,8500
2019-03-27,10550,9825,8500
2019-03-28,10550,9800,8500
2019-03-29,10525,9775,8500
2019-03-30,10525,9775,8500
2019-03-31,10525,9775,8500
2019-04-01,10500,9750,8525
2019-04-02,10500,9725,8525
2019-04-03,10500,9725,8525
2019-04-04,10500,9725,8550
2019-04-05,10500,9725,8575
2019-04-06,10500,9725,8575
2019-04-07,10500,9725,8575
2019-04-08,10475,9725,8600
2019-04-09,10475,9675,8625
2019-04-10,10450,9675,8625
2019-04-11,10450,9650,8625
2019-04-12,10450,9650,8625
2019-04-13,10450,9650,8625
2019-04-14,10450,9650,8625
2019-04-15,10425,9625,8625
2019-04-16,10400,9625,8625
2019-04-17,10400,9625,8625
2019-04-18,10400,9600,8625
2019-04-19,10400,9600,8625
2019-04-20,10400,9600,8625
2019-04-21,10400,9600,8625
2019-04-22,10400,9600,8625
2019-04-23,10375,9600,8625
2019-04-24,10375,9600,8625
2019-04-25,10375,9575,8625
2019-04-26,10350,9575,8625
2019-04-27,10350,9575,8625
2019-04-28,10350,9575,8625
2019-04-29,10375,9600,8650
2019-04-30,10400,9600,8650
2019-05-01,10400,9600,8650
2019-05-02,10425,9625,8650
2019-05-03,10450,9650,8650
2019-05-04,10450,9650,8650
2019-05-05,10450,9650,8650
2019-05-06,10450,9650,8650
2019-05-07,10450,9675,8625
2019-05-08,10475,9675,8625
2019-05-09,10500,9675,8650
2019-05-10,10500,9675,8675
2019-05-11,10500,9675,8675
2019-05-12,10500,9675,8675
2019-05-13,10500,9700,8675
2019-05-14,10550,9700,8675
2019-05-15,10525,9700,8675
2019-05-16,10525,9675,8675
2019-05-17,10550,9675,8675
2019-05-18,10550,9675,8675
2019-05-19,10550,9675,8675
2019-05-20,10550,9675,8675
2019-05-21,10550,9700,8675
2019-05-22,10525,9700,8675
2019-05-23,10550,9725,8675
2019-05-24,10550,9700,8675
2019-05-25,10550,9700,8675
2019-05-26,10550,9700,8675
2019-05-27,10575,9700,8650
2019-05-28,10550,9700,8650
2019-05-29,10550,9700,8650
2019-05-30,10550,9700,8650
2019-05-31,10550,9700,8650
2019-06-01,10550,9700,8650
2019-06-02,10550,9700,8650
2019-06-03,10550,9700,8650
2019-06-04,10550,9700,8650
2019-06-05,10550,9700,8650
2019-06-06,10550,9700,8650
2019-06-07,10550,9700,8650
2019-06-08,10550,9700,8650
2019-06-09,10550,9700,8650
2019-06-10,10550,9700,8650
2019-06-11,10550,9700,8650
2019-06-12,10575,9700,8650
2019-06-13,10575,9700,8650
2019-06-14,10575,9700,8650
2019-06-15,10575,9700,8650
2019-06-16,10575,9700,8650
2019-06-17,10550,9700,8625
2019-06-18,10525,9700,8650
2019-06-19,10525,9675,8650
2019-06-20,10525,9675,8625
2019-06-21,10525,9675,8625
2019-06-22,10525,9675,8625
2019-06-23,10525,9675,8625
2019-06-24,10525,9675,8600
2019-06-25,10500,9675,8600
2019-06-26,10500,9675,8600
2019-06-27,10475,9675,8600
2019-06-28,10475,9675,8600
2019-06-29,10475,9675,8600
2019-06-30,10475,9675,8600
2019-07-01,10475,9675,8600
2019-07-02,10475,9675,8625
2019-07-03,10475,9675,8600
2019-07-04,10475,9675,8600
2019-07-05,10475,9675,8600
2019-07-06,10475,9675,8600
2019-07-07,10475,9675,8600
2019-07-08,10475,9675,8600
2019-07-09,10475,9675,8600
2019-07-10,10475,9650,8575
2019-07-11,10475,9650,8600
2019-07-12,10475,9650,8600
2019-07-13,10475,9650,8600
2019-07-14,10475,9650,8600
2019-07-15,10475,9650,8625
2019-07-16,10475,9675,8625
2019-07-17,10500,9675,8625
2019-07-18,10525,9675,8650
2019-07-19,10525,9700,8650
2019-07-20,10525,9700,8650
2019-07-21,10525,9700,8650
2019-07-22,10525,9700,8625
2019-07-23,10525,9725,8650
2019-07-24,10525,9725,8650
2019-07-25,10525,9725,8675
2019-07-26,10550,9725,8675
2019-07-27,10550,9725,8675
2019-07-28,10550,9725,8675
2019-07-29,10525,9725,8650
2019-07-30,10525,9725,8650
2019-07-31,10525,9725,8675
2019-08-01,10525,9725,8675
2019-08-02,10550,9725,8700
2019-08-03,10550,9725,8700
2019-08-04,10550,9725,8700
2019-08-05,10550,9725,8700
2019-08-06,10550,9725,8700
2019-08-07,10550,9725,8700
2019-08-08,10550,9725,8700
2019-08-09,10550,9725,8725
2019-08-10,10550,9725,8725
2019-08-11,10550,9725,8725
2019-08-12,10550,9725,8750
2019-08-13,10575,9725,8750
2019-08-14,10575,9750,8775
2019-08-15,10575,9750,8775
2019-08-16,10575,9750,8800
2019-08-17,10575,9750,8800
2019-08-18,10575,9750,8800
2019-08-19,10575,9750,8800
2019-08-20,10575,9750,8800
2019-08-21,10600,9775,8825
2019-08-22,10575,9750,8825
2019-08-23,10575,9750,8825
2019-08-24,10575,9750,8825
2019-08-25,10575,9750,8825
2019-08-26,10600,9775,8850
2019-08-27,10575,9775,8825
2019-08-28,10575,9775,8825
2019-08-29,10575,9775,8825
2019-08-30,10575,9775,8825
2019-08-31,10575,9775,8825
2019-09-01,10575,9775,8825
2019-09-02,10575,9775,8825
2019-09-03,10575,9800,8850
2019-09-04,10575,9800,8850
2019-09-05,10575,9800,8875
2019-09-06,10575,9800,8875
2019-09-07,10575,9800,8875
2019-09-08,10575,9800,8875
2019-09-09,10575,9800,8875
2019-09-10,10575,9800,8900
2019-09-11,10575,9825,8925
2019-09-12,10575,9850,8925
2019-09-13,10600,9875,8950
2019-09-14,10600,9875,8950
2019-09-15,10600,9875,8950
2019-09-16,10600,9875,8975
2019-09-17,10600,9875,9000
2019-09-18,10600,9875,9000
2019-09-19,10600,9875,9000
2019-09-20,10600,9875,9025
2019-09-21,10600,9875,9025
2019-09-22,10600,9875,9025
2019-09-23,10600,9875,9025
2019-09-24,10600,9875,9025
2019-09-25,10600,9875,9025
2019-09-26,10600,9875,9025
2019-09-27,10600,9875,9025
2019-09-28,10600,9875,9025
2019-09-29,10600,9875,9025
2019-09-30,10600,9875,9025
2019-10-01,10600,9850,9025
2019-10-02,10600,9850,9025
2019-10-03,10600,9850,9025
2019-10-04,10575,9850,8950
2019-10-05,10575,9850,8950
2019-10-06,10575,9850,8950
2019-10-07,10550,9850,8875
2019-10-08,10550,9825,8800
2019-10-09,10550,9800,8725
2019-10-10,10525,9800,8700
2019-10-11,10525,9800,8700
2019-10-12,10525,9800,8700
2019-10-13,10525,9800,8700
2019-10-14,10500,9775,8700
2019-10-15,10500,9775,8650
2019-10-16,10500,9775,8650
2019-10-17,10500,9775,8650
2019-10-18,10500,9775,8650
2019-10-19,10500,9775,8650
2019-10-20,10500,9775,8650
2019-10-21,10500,9750,8650
2019-10-22,10475,9750,8650
2019-10-23,10475,9750,8650
2019-10-24,10475,9750,8650
2019-10-25,10475,9750,8650
2019-10-26,10475,9750,8650
2019-10-27,10475,9750,8650
2019-10-28,10475,9750,8650
2019-10-29,10475,9750,8650
2019-10-30,10500,9750,8650
2019-10-31,10500,9750,8650
2019-11-01,10500,9750,8650
2019-11-02,10500,9750,8650
2019-11-03,10500,9750,8650
2019-11-04,10500,9725,8650
2019-11-05,10500,9725,8650
2019-11-06,10500,9725,8650
2019-11-07,10500,9725,8650
2019-11-08,10500,9725,8650
2019-11-09,10500,9725,8650
2019-11-10,10500,9725,8650
2019-11-11,10500,9725,8650
2019-11-12,10500,9725,8650
2019-11-13,10475,9725,8650
2019-11-14,10475,9750,8650
2019-11-15,10500,9750,8650
2019-11-16,10500,9750,8650
2019-11-17,10500,9750,8650
2019-11-18,10500,9750,8650
2019-11-19,10500,9750,8650
2019-11-20,10475,9750,8650
2019-11-21,10500,9750,8650
2019-11-22,10500,9750,8650
2019-11-23,10500,9750,8650
2019-11-24,10500,9750,8650
2019-11-25,10475,9750,8650
2019-11-26,10475,9725,8650
2019-11-27,10450,9725,8650
2019-11-28,10450,9750,8650
2019-11-29,10450,9750,8650
2019-11-30,10450,9750,8650
2019-12-01,10450,9750,8650
2019-12-02,10450,9750,8650
2019-12-03,10450,9725,8650
2019-12-04,10450,9725,8650
2019-12-05,10450,9725,8650
2019-12-06,10450,9725,8650
2019-12-07,10450,9725,8650
2019-12-08,10450,9725,8650
2019-12-09,10450,9725,8650
2019-12-10,10475,9725,8650
2019-12-11,10475,9725,8650
2019-12-12,10475,9725,8650
2019-12-13,10475,9725,8650
2019-12-14,10475,9725,8650
2019-12-15,10475,9725,8650
2019-12-16,10475,9725,8650
2019-12-17,10475,9725,8650
2019-12-18,10475,9750,8650
2019-12-19,10475,9750,8650
2019-12-20,10500,9775,8650
2019-12-21,10500,9775,8650
2019-12-22,10500,9775,8650
2019-12-23,10500,9775,8650
2019-12-24,10500,9775,8650
2019-12-25,10500,9775,8650
2019-12-26,10500,9775,8650
2019-12-27,10500,9800,8650
2019-12-28,10500,9800,8650
2019-12-29,10500,9800,8650
2019-12-30,10525,9825,8650
2019-12-31,10525,9825,8650
2020-01-01,10525,9825,8650
2020-01-02,10550,9825,8650
2020-01-03,10575,9850,8650
2020-01-04,10575,9805,8650
2020-01-05,10575,9850,8650
2020-01-06,10600,9875,8650
2020-01-07,10625,9900,8650
2020-01-08,10675,9925,8650
2020-01-09,10675,9950,8650
2020-01-10,10700,9975,8650
2020-01-11,10700,9975,8650
2020-01-12,10700,9975,8650
2020-01-13,10700,9950,8650
2020-01-14,10700,9950,8650
2020-01-15,10700,9925,8650
2020-01-16,10675,9925,8650
2020-01-17,10675,9900,8650
2020-01-18,10657,9900,8650
2020-01-19,10675,9900,8650
2020-01-20,10650,9900,8650
2020-01-21,10650,9900,8650
2020-01-22,10675,9900,8650
2020-01-23,10675,9900,8650
2020-01-24,10675,9900,8650
2020-01-25,10675,9900,8650
2020-01-26,10675,9900,8650
2020-01-27,10675,9925,8650
2020-01-28,10675,9925,8650
2020-01-29,10675,9950,8650
2020-01-30,10675,9950,8650
2020-01-31,10675,9950,8650
2020-02-01,10675,9950,8650
2020-02-02,10675,9950,8650
2020-02-03,10700,9975,8650
2020-02-04,10700,9975,8650
2020-02-05,10700,9975,8650
2020-02-06,10725,10000,8650
2020-02-07,10725,10025,8650
2020-02-08,10725,10025,8650
2020-02-09,10725,10025,8650
2020-02-10,10750,10025,8650
2020-02-11,10750,10050,8650
2020-02-12,10750,10075,8650
2020-02-13,10750,10075,8650
2020-02-14,10750,10075,8650
2020-02-15,10750,10075,8650
2020-02-16,10750,10075,8650
2020-02-17,10750,10100,8650
2020-02-18,10750,10100,8650
2020-02-19,10750,10100,8650
2020-02-20,10775,10125,8650
2020-02-21,10775,10150,8650
2020-02-22,10775,10150,8650
2020-02-23,10775,10150,8650
2020-02-24,10800,10175,8650
2020-02-25,10825,10200,8650
2020-02-26,10825,10200,8650
2020-02-27,10850,10225,8650
2020-02-28,10875,10250,8650
2020-02-29,10875,10250,8650
2020-03-01,10875,10250,8650
2020-03-02,10900,10275,8650
2020-03-03,10925,10300,8650
2020-03-04,10950,10325,8650
2020-03-05,10975,10350,8650
2020-03-06,11025,10375,8650
2020-03-07,11025,10375,8650
2020-03-08,11025,10375,8650
2020-03-09,11050,10400,8650
2020-03-10,11050,10425,8650
2020-03-11,11075,10425,8650
2020-03-12,11075,10425,8650
2020-03-13,11100,10450,8650
2020-03-14,11100,10450,8650
2020-03-15,11100,10450,8650
2020-03-16,11125,10450,8650
2020-03-17,11150,10475,8650
2020-03-18,11150,10500,8650
2020-03-19,11150,10500,8650
2020-03-20,11150,10525,8650
2020-03-21,11150,10525,8650
2020-03-22,11150,10525,8650
2020-03-23,11150,10525,8650
2020-03-24,11150,10525,8650
2020-03-25,11150,10525,8650
2020-03-26,11175,10525,8650
2020-03-27,11200,10550,8650
2020-03-28,11200,10550,8650
2020-03-29,11200,10550,8650
2020-03-30,11200,10550,8650
2020-03-31,11200,10575,8650
2020-04-01,11225,10575,8650
2020-04-02,11225,10600,8650
2020-04-03,11225,10600,8650
2020-04-04,11225,10600,8650
2020-04-05,11225,10600,8650
2020-04-06,11225,10600,8650
2020-04-07,11225,10575,8650
2020-04-08,11225,10550,8650
2020-04-09,11225,10525,8650
2020-04-10,11225,10525,8650
2020-04-11,11225,10525,8650
2020-04-12,11225,10525,8650
2020-04-13,11225,10500,8650
2020-04-14,11200,10500,8650
2020-04-15,11200,10475,8650
2020-04-16,11200,10450,8650
2020-04-17,11200,10450,8650
2020-04-18,11200,10450,8650
2020-04-19,11200,10450,8650
2020-04-20,11200,10425,8650
2020-04-21,11200,10400,8650
2020-04-22,11175,10375,8650
2020-04-23,11150,10375,8650
2020-04-24,11150,10375,8650
2020-04-25,11150,10375,8650
2020-04-26,11150,10375,8650
2020-04-27,11125,10350,8650
2020-04-28,11100,10350,8650
2020-04-29,11100,10350,8650
2020-04-30,11100,10325,8650
2020-05-01,11100,10325,8650
2020-05-02,11100,10325,8650
2020-05-03,11100,10325,8650
2020-05-04,11075,10325,8650
2020-05-05,11075,10325,8650
2020-05-06,11050,10300,8650
2020-05-07,11050,10300,8650
2020-05-08,11025,10300,8650
2020-05-09,11025,10300,8650
2020-05-10,11025,10300,8650
2020-05-11,11000,10275,8650
2020-05-12,11000,10275,8650
2020-05-13,10975,10250,8650
2020-05-14,10975,10225,8650
2020-05-15,10975,10225,8650
2020-05-16,10975,10225,8650
2020-05-17,10975,10225,8650
2020-05-18,10975,10200,8650
2020-05-19,10975,10200,8650
2020-05-20,10950,10200,8650
2020-05-21,10950,10200,8650
2020-05-22,10950,10200,8650
2020-05-23,10950,10200,8650
2020-05-24,10950,10200,8650
2020-05-25,10950,10200,8650
2020-05-26,10950,10200,8650
2020-05-27,10950,10200,8650
2020-05-28,10950,10200,8650
2020-05-29,10950,10175,8650
2020-05-30,10950,10175,8650
2020-05-31,10950,10175,8650
2020-06-01,10950,10175,8650
2020-06-02,10925,10175,8650
2020-06-03,10925,10150,8650
2020-06-04,10925,10150,8650
2020-06-05,10925,10150,8650
2020-06-06,10925,10150,8650
2020-06-07,10925,10150,8650
2020-06-08,10925,10150,8650
2020-06-09,10925,10150,8650
2020-06-10,10900,10125,8650
2020-06-11,10900,10125,8650
2020-06-12,10875,10100,8650
2020-06-13,10875,10100,8650
2020-06-14,10875,10100,8650
2020-06-15,10850,10100,8650
2020-06-16,10850,10075,8650
2020-06-17,10850,10075,8650
2020-06-18,10825,10050,8650
2020-06-19,10800,10050,8650
2020-06-20,10800,10050,8650
2020-06-21,10800,10050,8650
2020-06-22,10775,10025,8650
2020-06-23,10775,10025,8650
2020-06-24,10750,10000,8650
2020-06-25,10725,10000,8675
2020-06-26,10700,9950,8700
2020-06-27,10700,9950,8700
2020-06-28,10700,9950,8700
2020-06-29,10675,9950,8725
2020-06-30,10675,9950,8725
2020-07-01,10650,9925,8725
2020-07-02,10625,9925,8725
2020-07-03,10625,9900,8725
2020-07-04,10625,9900,8725
2020-07-05,10625,9900,8725
2020-07-06,10600,9900,8725
2020-07-07,10600,9875,8725
2020-07-08,10600,9875,8750
2020-07-09,10600,9875,8750
2020-07-10,10575,9850,8750
2020-07-11,10575,9850,8750
2020-07-12,10575,9850,8750
2020-07-13,10575,9850,8750
2020-07-14,10550,9850,8750
2020-07-15,10550,9825,8750
2020-07-16,10550,9800,8750
2020-07-17,10550,9775,8750
2020-07-18,10550,9775,8750
2020-07-19,10550,9775,8750
2020-07-20,10525,9775,8750
2020-07-21,10525,9800,8750
2020-07-22,10525,9800,8750
2020-07-23,10500,9800,8750
2020-07-24,10500,9800,8750
2020-07-25,10500,9800,8750
2020-07-26,10500,9800,8750
2020-07-27,10500,9775,8750
2020-07-28,10500,9775,8750
2020-07-29,10500,9800,8750
2020-07-30,10500,9775,8750
2020-07-31,10500,9775,8750
2020-08-01,10500,9775,8750
2020-08-02,10500,9775,8750
2020-08-03,10500,9775,8750
2020-08-04,10500,9750,8750
2020-08-05,10500,9775,8750
2020-08-06,10500,9800,8750
2020-08-07,10500,9825,8750
2020-08-08,10500,9825,8750
2020-08-09,10500,9825,8750
2020-08-10,10525,9825,8750
2020-08-11,10525,9800,8750
2020-08-12,10525,9800,8750
2020-08-13,10525,9800,8750
2020-08-14,10525,9800,8750
2020-08-15,10525,9800,8750
2020-08-16,10525,9800,8750
2020-08-17,10525,9800,8750
2020-08-18,10525,9825,8750
2020-08-19,10525,9800,8750
2020-08-20,10525,9800,8750
2020-08-21,10525,9800,8750
2020-08-22,10525,9800,8750
2020-08-23,10525,9800,8750
2020-08-24,10525,9800,8750
2020-08-25,10525,9800,8750
2020-08-26,10500,9800,8750
2020-08-27,10525,9800,8750
2020-08-28,10525,9800,8750
2020-08-29,10525,9800,8750
2020-08-30,10525,9800,8750
2020-08-31,10525,9800,8750
2020-09-01,10500,9775,8750
2020-09-02,10500,9800,8750
2020-09-03,10500,9800,8750
2020-09-04,10500,9800,8750
2020-09-05,10500,9800,8750
2020-09-06,10500,9800,8750
2020-09-07,10500,9825,8750
2020-09-08,10500,9800,8750
2020-09-09,10500,9800,8750
2020-09-10,10500,9800,8750
2020-09-11,10525,9800,8750
2020-09-12,10525,9800,8750
2020-09-13,10525,9800,8750
2020-09-14,10500,9800,8750
2020-09-15,10500,9800,8750
2020-09-16,10500,9800,8750
2020-09-17,10475,9775,8750
2020-09-18,10475,9775,8750
2020-09-19,10475,9775,8750
2020-09-20,10475,9775,8750
2020-09-21,10450,9775,8750
2020-09-22,10450,9750,8750
2020-09-23,10450,9750,8750
2020-09-24,10450,9750,8750
2020-09-25,10475,9750,8750
2020-09-26,10475,9760,8750
2020-09-27,10375,9750,8750
2020-09-28,10475,9775,8750
2020-09-29,10475,9775,8750
2020-09-30,10475,9775,8750
2020-10-01,10500,9800,8750
2020-10-02,10500,9800,8750
2020-10-03,10500,9800,8750
2020-10-04,10500,9800,8750
2020-10-05,10475,9775,8750
2020-10-06,10475,9775,8750
2020-10-07,10475,9775,8750
2020-10-08,10500,9800,8750
2020-10-09,10500,9800,8750
2020-10-10,10500,9800,8750
2020-10-11,10500,9800,8750
2020-10-12,10500,9825,8750
2020-10-13,10500,9825,8750
2020-10-14,10500,9825,8750
2020-10-15,10475,9825,8750
2020-10-16,10475,9800,8750
2020-10-17,10475,9800,8750
2020-10-18,10475,9800,8750
2020-10-19,10450,9775,8750
2020-10-20,10450,9750,8750
2020-10-21,10425,9750,8750
2020-10-22,10400,9750,8750
2020-10-23,10400,9750,8750
2020-10-24,10400,9750,8750
2020-10-25,10400,9750,8750
2020-10-26,10375,9750,8750
2020-10-27,10400,9750,8750
2020-10-28,10400,9750,8750
2020-10-29,10400,9750,8750
2020-10-30,10400,9750,8750
2020-10-31,10400,9750,8750
2020-11-01,10400,9750,8750
2020-11-02,10400,9725,8750
2020-11-03,10400,9725,8750
2020-11-04,10400,9700,8750
2020-11-05,10375,9700,8750
2020-11-06,10375,9700,8750
2020-11-07,10375,9700,8750
2020-11-08,10375,9700,8750
2020-11-09,10350,9700,8750
2020-11-10,10350,9700,8750
2020-11-11,10350,9700,8750
2020-11-12,10325,9700,8750
2020-11-13,10325,9700,8750
2020-11-14,10325,9700,8750
2020-11-15,10325,9700,8750
2020-11-16,10325,9675,8750
2020-11-17,10325,9675,8750
2020-11-18,10325,9675,8750
2020-11-19,10325,9675,8750
2020-11-20,10325,9650,8750
2020-11-21,10325,9650,8750
2020-11-22,10325,9650,8750
2020-11-23,10325,9675,8750
2020-11-24,10300,9625,8750
2020-11-25,10300,9625,8750
2020-11-26,10300,9625,8750
2020-11-27,10300,9625,8750
2020-11-28,10300,9625,8750
2020-11-29,10300,9625,8750
2020-11-30,10300,9600,8750
2020-12-01,10300,9600,8750
2020-12-02,10275,9600,8750
2020-12-03,10275,9600,8750
2020-12-04,10275,9600,8750
2020-12-05,10275,9600,8750
2020-12-06,10275,9600,8750
2020-12-07,10275,9600,8750
2020-12-08,10275,9600,8750
2020-12-09,10275,9600,8750
2020-12-10,10275,9625,8750
2020-12-11,10300,9625,8750
2020-12-12,10300,9625,8750
2020-12-13,10300,9625,8750
2020-12-14,10325,9650,8750
2020-12-15,10350,9675,8750
2020-12-16,10375,9700,8750
2020-12-17,10375,9700,8750
2020-12-18,10375,9700,8750
2020-12-19,10375,9700,8750
2020-12-20,10375,9700,8750
2020-12-21,10375,9675,8750
2020-12-22,10375,9675,8750
2020-12-23,10375,9675,8750
2020-12-24,10375,9675,8750
2020-12-25,10375,9675,8750
2020-12-26,10375,9675,8750
2020-12-27,10375,9675,8750
2020-12-28,10375,9650,8750
2020-12-29,10350,9650,8750
2020-12-30,10350,9625,8750
2020-12-31,10350,9625,8750
2021-01-01,10350,9625,8750
2021-01-02,10350,9625,8750
2021-01-03,10350,9625,8750
2021-01-04,10350,9625,8750
2021-01-05,10325,9625,8750
2021-01-06,10325,9625,8750
2021-01-07,10325,9625,8750
2021-01-08,10300,9625,8750
2021-01-09,10300,9625,8750
2021-01-10,10300,9625,8750
2021-01-11,10300,9625,8750
2021-01-12,10325,9625,8750
2021-01-13,10300,9600,8750
2021-01-14,10300,9600,8750
2021-01-15,10300,9625,8750
2021-01-16,10300,9625,8750
2021-01-17,10300,9625,8750
2021-01-18,10300,9625,8750
2021-01-19,10300,9650,8750
2021-01-20,10300,9650,8750
2021-01-21,10300,9650,8750
2021-01-22,10300,9650,8750
2021-01-23,10300,9650,8750
2021-01-24,10300,9650,8750
2021-01-25,10325,9675,8750
2021-01-26,10325,9675,8750
2021-01-27,10325,9675,8750
2021-01-28,10325,9675,8750
2021-01-29,10325,9650,8750
2021-01-30,10325,9650,8750
2021-01-31,10325,9650,8750
2021-02-01,10325,9675,8750
2021-02-02,10325,9675,8750
2021-02-03,10325,9700,8750
2021-02-04,10325,9700,8750
2021-02-05,10325,9675,8750
2021-02-06,10325,9675,8750
2021-02-07,10325,9675,8750
2021-02-08,10350,9700,8750
2021-02-09,10350,9700,8750
2021-02-10,10375,9725,8750
2021-02-11,10400,9725,8750
2021-02-12,10400,9725,8750
2021-02-13,10400,9725,8750
2021-02-14,10400,9725,8750
2021-02-15,10400,9750,8750
2021-02-16,10400,9725,8750
2021-02-17,10375,9700,8750
2021-02-18,10375,9700,8750
2021-02-19,10400,9725,8750
2021-02-20,10400,9725,8750
2021-02-21,10400,9725,8750
2021-02-22,10400,9725,8750
2021-02-23,10400,9725,8750
2021-02-24,10375,9700,8750
2021-02-25,10350,9700,8750
2021-02-26,10350,9700,8750
2021-02-27,10350,9700,8750
2021-02-28,10350,9700,8750
2021-03-01,10325,9675,8750
2021-03-02,10325,9675,8750
2021-03-03,10325,9700,8750
2021-03-04,10325,9700,8750
2021-03-05,10325,9675,8750
2021-03-06,10325,9675,8750
2021-03-07,10325,9675,8750
2021-03-08,10325,9675,8750
2021-03-09,10325,9675,8750
2021-03-10,10300,9650,8750
2021-03-11,10300,9650,8750
2021-03-12,10300,9650,8725
2021-03-13,10300,9650,8725
2021-03-14,10300,9650,8725
2021-03-15,10300,9625,8700
2021-03-16,10275,9625,8675
2021-03-17,10275,9625,8650
2021-03-18,10275,9625,8625
2021-03-19,10275,9625,8625
2021-03-20,10275,9625,8625
2021-03-21,10275,9625,8625
2021-03-22,10275,9625,8600
2021-03-23,10250,9600,8600
2021-03-24,10225,9600,8600
2021-03-25,10225,9575,8600
2021-03-26,10225,9550,8600
2021-03-27,10225,9550,8600
2021-03-28,10225,9550,8600
2021-03-29,10200,9550,8600
2021-03-30,10200,9550,8575
2021-03-31,10200,9525,8550
2021-04-01,10200,9525,8550
2021-04-02,10200,9525,8550
2021-04-03,10200,9525,8550
2021-04-04,10200,9525,8550
2021-04-05,10200,9525,8550
2021-04-06,10200,9550,8550
2021-04-07,10200,9550,8550
2021-04-08,10200,9550,8550
2021-04-09,10200,9575,8550
2021-04-10,10200,9575,8550
2021-04-11,10200,9575,8550
2021-04-12,10200,9550,8575
2021-04-13,10200,9550,8575
2021-04-14,10200,9550,8550
2021-04-15,10225,9550,8550
2021-04-16,10225,9525,8525
2021-04-17,10225,9525,8525
2021-04-18,10225,9525,8525
2021-04-19,10225,9525,8525
2021-04-20,10225,9500,8525
2021-04-21,10225,9500,8525
2021-04-22,10225,9500,8500
2021-04-23,10225,9500,8500
2021-04-24,10200,9500,8500
2021-04-25,10225,9500,8500
2021-04-26,10200,9500,8500
2021-04-27,10200,9500,8500
2021-04-28,10200,9500,8500
2021-04-29,10200,9475,8500
2021-04-30,10200,9500,8500
2021-05-01,10200,9500,8500
2021-05-02,10200,9500,8500
2021-05-03,10200,9500,8500
2021-05-04,10175,9500,8500
2021-05-05,10200,9500,8500
2021-05-06,10200,9500,8500
2021-05-07,10200,9500,8500
2021-05-08,10200,9500,8500
2021-05-09,10200,9500,8500
2021-05-10,10200,9500,8525
2021-05-11,10200,9500,8525
2021-05-12,10200,9500,8525
2021-05-13,10200,9500,8525
2021-05-14,10200,9500,8525
2021-05-15,10200,9500,8525
2021-05-16,10200,9500,8525
2021-05-17,10200,9525,8525
2021-05-18,10200,9525,8525
2021-05-19,10200,9500,8525
2021-05-20,10200,9500,8525
2021-05-21,10200,9525,8550
2021-05-22,10200,9525,8550
2021-05-23,10200,9525,8550
2021-05-24,10200,9525,8550
2021-05-25,10175,9500,8550
2021-05-26,10175,9500,8550
2021-05-27,10175,9475,8525
2021-05-28,10175,9450,8525
2021-05-29,10175,9450,8525
2021-05-30,10175,9450,8525
2021-05-31,10150,9450,8525
2021-06-01,10150,9450,8525
2021-06-02,10150,9450,8525
2021-06-03,10125,9425,8525
2021-06-04,10125,9425,8525
2021-06-05,10125,9425,8525
2021-06-06,10125,9425,8525
2021-06-07,10125,9425,8525
2021-06-08,10100,9400,8500
2021-06-09,10100,9400,8500
2021-06-10,10100,9375,8475
2021-06-11,10075,9375,8475
2021-06-12,10075,9375,8475
2021-06-13,10075,9375,8475
2021-06-14,10075,9350,8450
2021-06-15,10050,9350,8450
2021-06-16,10050,9350,8425
2021-06-17,10025,9325,8400
2021-06-18,10000,9325,8375
2021-06-19,10000,9325,8375
2021-06-20,10000,9325,8375
2021-06-21,10000,9300,8375
2021-06-22,9975,9275,8350
2021-06-23,9950,9250,8325
2021-06-24,9950,9250,8300
2021-06-25,9925,9225,8300
2021-06-26,9925,9225,8300
2021-06-27,9925,9225,8300
2021-06-28,9925,9225,8300
2021-06-29,9900,9200,8300
2021-06-30,9900,9200,8300
2021-07-01,9900,9200,8275
2021-07-02,9900,9200,8275
2021-07-03,9900,9200,8275
2021-07-04,9900,9200,8275
2021-07-05,9875,9175,8250
2021-07-06,9875,9175,8225
2021-07-07,9875,9175,8200
2021-07-08,9875,9175,8200
2021-07-09,9875,9175,8200
2021-07-10,9875,9175,8200
2021-07-11,9875,9175,8200
2021-07-12,9850,9150,8200
2021-07-13,9850,9150,8200
2021-07-14,9850,9150,8200
2021-07-15,9850,9150,8200
2021-07-16,9875,9175,8200
2021-07-17,9875,9175,8200
2021-07-18,9875,9175,8200
2021-07-19,9875,9200,8225
2021-07-20,9875,9200,8225
2021-07-21,9900,9200,8250
2021-07-22,9925,9225,8275
2021-07-23,9950,9275,8325
2021-07-24,9950,9275,8325
2021-07-25,9950,9275,8325
2021-07-26,9975,9275,8350
2021-07-27,9975,9300,8350
2021-07-28,10000,9300,8375
2021-07-29,10025,9325,8375
2021-07-30,10050,9350,8400
2021-07-31,10050,9350,8400
2021-08-01,10050,9350,8400
2021-08-02,10075,9375,8425
2021-08-03,10075,9375,8425
2021-08-04,10100,9400,8425
2021-08-05,10100,9400,8425
2021-08-06,10125,9425,8450
2021-08-07,10125,9425,8450
2021-08-08,10125,9425,8450
2021-08-09,10125,9425,8475
2021-08-10,10125,9425,8475
2021-08-11,10125,9425,8475
2021-08-12,10125,9425,8500
2021-08-13,10125,9425,8500
2021-08-14,10125,9425,8500
2021-08-15,10125,9425,8500
2021-08-16,10125,9425,8500
2021-08-17,10125,9425,8500
2021-08-18,10125,9425,8500
2021-08-19,10100,9400,8475
2021-08-20,10100,9400,8450
2021-08-21,10100,9400,8450
2021-08-22,10100,9400,8450
2021-08-23,10100,9400,8450
2021-08-24,10075,9400,8425
2021-08-25,10050,9400,8400
2021-08-26,10025,9375,8400
2021-08-27,10025,9375,8400
2021-08-28,10025,9375,8400
2021-08-29,10025,9375,8400
2021-08-30,10000,9375,8400
2021-08-31,10000,9375,8400
2021-09-01,10000,9375,8400
2021-09-02,10000,9350,8400
2021-09-03,10000,9350,8400
2021-09-04,10000,9350,8400
2021-09-05,10000,9350,8400
2021-09-06,10025,9375,8400
2021-09-07,10025,9350,8400
2021-09-08,10050,9375,8425
2021-09-09,10050,9375,8425
2021-09-10,10050,9375,8425
2021-09-11,10050,9375,8425
2021-09-12,10050,9375,8425
2021-09-13,10050,9375,8425
2021-09-14,10050,9375,8425
2021-09-15,10050,9375,8425
2021-09-16,10050,9375,8425
2021-09-17,10050,9375,8425
2021-09-18,10050,9375,8425
2021-09-19,10050,9375,8425
2021-09-20,10075,9400,8450
2021-09-21,10100,9400,8475
2021-09-22,10100,9400,8475
2021-09-23,10100,9400,8475
2021-09-24,10100,9400,8475
2021-09-25,10100,9400,8475
2021-09-26,10100,9400,8475
2021-09-27,10100,9425,8475
2021-09-28,10075,9400,8450
2021-09-29,10075,9400,8450
2021-09-30,10075,9400,8450
2021-10-01,10075,9400,8450
2021-10-02,10075,9400,8450
2021-10-03,10075,9400,8450
2021-10-04,10075,9400,8450
2021-10-05,10075,9400,8450
2021-10-06,10075,9400,8450
2021-10-07,10075,9400,8450
2021-10-08,10075,9400,8450
2021-10-09,10075,9400,8450
2021-10-10,10075,9400,8450
2021-10-11,10100,9400,8475
2021-10-12,10100,9400,8475
2021-10-13,10075,9400,8475
2021-10-14,10075,9400,8475
2021-10-15,10075,9400,8475
2021-10-16,10075,9400,8475
2021-10-17,10075,9400,8475
2021-10-18,10075,9400,8475
2021-10-19,10075,9400,8475
2021-10-20,10075,9400,8475
2021-10-21,10075,9400,8475
2021-10-22,10075,9400,8475
2021-10-23,10075,9400,8475
2021-10-24,10075,9400,8475
2021-10-25,10075,9400,8475
2021-10-26,10075,9400,8475
2021-10-27,10075,9400,8475
2021-10-28,10075,9400,8475
2021-10-29,10075,9400,8475
2021-10-30,10075,9400,8475
2021-10-31,10075,9400,8475
2021-11-01,10075,9400,8475
2021-11-02,10075,9400,8475
2021-11-03,10075,9400,8475
2021-11-04,10075,9400,8475
2021-11-05,10075,9400,8475
2021-11-06,10075,9400,8475
2021-11-07,10075,9400,8475
2021-11-08,10075,9400,8475
2021-11-09,10075,9400,8475
2021-11-10,10075,9400,8475
2021-11-11,10075,9400,8475
2021-11-12,10075,9400,8475
2021-11-13,10075,9400,8475
2021-11-14,10075,9400,8475
2021-11-15,10075,9400,8475
2021-11-16,10075,9400,8450
2021-11-17,10075,9400,8450
2021-11-18,10075,9400,8475
2021-11-19,10075,9400,8475
2021-11-20,10075,9400,8475
2021-11-21,10075,9400,8475
2021-11-22,10075,9400,8475
2021-11-23,10075,9400,8475
2021-11-24,10075,9400,8475
2021-11-25,10075,9400,8475
2021-11-26,10075,9400,8475
2021-11-27,10075,9400,8475
2021-11-28,10075,9400,8475
2021-11-29,10075,9400,8475
2021-11-30,10075,9400,8475
2021-12-01,10075,9400,8475
2021-12-02,10075,9400,8475
2021-12-03,10075,9400,8475
2021-12-04,10075,9400,8475
2021-12-05,10075,9400,8475
2021-12-06,10075,9400,8475
2021-12-07,10075,9425,8475
2021-12-08,10075,9425,8500
2021-12-09,10075,9425,8500
2021-12-10,10075,9425,8500
2021-12-11,10075,9425,8500
2021-12-12,10075,9425,8500
2021-12-13,10075,9425,8500
2021-12-14,10075,9425,8500
2021-12-15,10075,9425,8500
2021-12-16,10125,9475,8550
2021-12-17,10150,9500,8575
2021-12-18,10150,9500,8575
2021-12-19,10150,9500,8575
2021-12-20,10175,9525,8625
2021-12-21,10200,9525,8625
2021-12-22,10200,9525,8625
2021-12-23,10200,9525,8625
2021-12-24,10200,9525,8625
2021-12-25,10200,9525,8625
2021-12-26,10200,9525,8625
2021-12-27,10200,9525,8625
2021-12-28,10200,9575,8675
2021-12-29,10225,9600,8700
2021-12-30,10225,9625,8725
2021-12-31,10225,9675,8775
2022-01-01,10225,9675,8775
2022-01-02,10225,9675,8775
2022-01-03,10250,9675,8800
2022-01-04,10275,9700,8825
2022-01-05,10275,9700,8825
2022-01-06,10275,9700,8825
2022-01-07,10275,9700,8825
2022-01-08,10275,9700,8825
2022-01-09,10275,9700,8825
2022-01-10,10275,9725,8850
2022-01-11,10275,9725,8850
2022-01-12,10300,9750,8875
2022-01-13,10300,9750,8875
2022-01-14,10325,9750,8875
2022-01-15,10325,9750,8875
2022-01-16,10325,9750,8875
2022-01-17,10325,9750,8875
2022-01-18,10325,9775,8925
2022-01-19,10325,9775,8925
2022-01-20,10325,9775,8925
2022-01-21,10350,9775,8925
2022-01-22,10350,9775,8925
2022-01-23,10350,9775,8925
2022-01-24,10350,9750,8925
2022-01-25,10350,9750,8925
2022-01-26,10350,9750,8925
2022-01-27,10350,9750,8925
2022-01-28,10350,9750,8925
2022-01-29,10350,9750,8925
2022-01-30,10350,9750,8925
2022-01-31,10350,9750,8925
2022-02-01,10350,9750,8925
2022-02-02,10225,9675,8775
2022-02-03,10225,9675,8775
2022-02-04,10225,9675,8775
2022-02-05,10225,9675,8775
2022-02-06,10225,9675,8775
2022-02-07,10225,9675,8775
2022-02-08,10225,9675,8775
2022-02-09,10225,9675,8775
2022-02-10,10225,9675,8775
2022-02-11,10225,9675,8775
2022-02-12,10225,9675,8775
2022-02-13,10225,9675,8775
2022-02-14,10225,9675,8775
2022-02-15,10225,9675,8775
2022-02-16,10225,9675,8775
2022-02-17,10225,9675,8775
2022-02-18,10225,9675,8775
2022-02-19,10225,9675,8775
2022-02-20,10225,9675,8775
2022-02-21,10225,9675,8775
2022-02-22,10225,9675,8775
2022-02-23,10225,9675,8775
2022-02-24,10225,9675,8775
2022-02-25,10225,9675,8775
2022-02-26,10225,9675,8775
2022-02-27,10225,9675,8775
2022-02-28,10225,9675,8775
2022-03-01,10225,9675,8775
2022-03-02,10225,9675,8775
2022-03-03,10225,9675,8775
2022-03-04,10250,9700,8775
2022-03-05,10250,9700,8775
2022-03-06,10250,9700,8775
2022-03-07,10250,9700,8775
2022-03-08,10250,9700,8775
2022-03-09,10250,9700,8775
2022-03-10,10250,9700,8775
2022-03-11,10250,9700,8775
2022-03-12,10250,9700,8775
2022-03-13,10250,9700,8775
2022-03-14,10250,9700,8775
2022-03-15,10250,9700,8775
2022-03-16,10250,9700,8775
2022-03-17,10250,9700,8775
2022-03-18,10250,9700,8775
2022-03-19,10250,9700,8775
2022-03-20,10250,9700,8775
2022-03-21,10250,9700,8775
2022-03-22,10250,9700,8775
2022-03-23,10250,9700,8775
2022-03-24,10250,9700,8775
2022-03-25,10250,9700,8775
2022-03-26,10250,9700,8775
2022-03-27,10250,9700,8775
2022-03-28,10250,9700,8775
2022-03-29,10225,9675,8750
2022-03-30,10225,9675,8750
2022-03-31,10225,9675,8750
2022-04-01,10225,9675,8750
2022-04-02,10225,9675,8750
2022-04-03,10225,9675,8750
2022-04-04,10225,9675,8750
2022-04-05,10225,9675,8750
2022-04-06,10225,9675,8750
2022-04-07,10225,9675,8750
2022-04-08,10225,9675,8750
2022-04-09,10225,9675,8750
2022-04-10,10225,9675,8750
2022-04-11,10225,9675,8750
2022-04-12,10225,9675,8750
2022-04-13,10225,9675,8750
2022-04-14,10225,9675,8750
2022-04-15,10225,9675,8750
2022-04-16,10225,9675,8750
2022-04-17,10225,9675,8750
2022-04-18,10225,9675,8750
2022-04-19,10225,9675,8750
2022-04-20,10225,9675,8750
2022-04-21,10225,9675,8750
2022-04-22,10225,9675,8750
2022-04-23,10225,9675,8750
2022-04-24,10225,9675,8750
2022-04-25,10225,9675,8750
2022-04-26,10225,9675,8750
2022-04-27,10225,9675,8750
2022-04-28,10225,9675,8750
2022-04-29,10225,9675,8750
2022-04-30,10225,9675,8750
2022-05-01,10425,9700,8975
2022-05-02,10425,9700,8975
2022-05-03,10425,9700,8975
2022-05-04,10425,9700,8975
2022-05-05,10425,9700,8975
2022-05-06,10425,9700,8975
2022-05-07,10425,9700,8975
2022-05-08,10450,9725,8975
2022-05-09,10450,9725,8975
2022-05-10,10475,9725,9000
2022-05-11,10500,9725,9000
2022-05-12,10450,9700,8975
2022-05-13,10450,9700,8975
2022-05-14,10450,9700,8975
2022-05-15,10450,9700,8975
2022-05-16,10450,9700,8975
2022-05-17,10425,9675,8925
2022-05-18,10400,9650,8900
2022-05-19,10375,9625,8875
2022-05-20,10375,9625,8875
2022-05-21,10375,9625,8875
2022-05-22,10375,9625,8875
2022-05-23,10350,9625,8875
2022-05-24,10325,9575,8825
2022-05-25,10300,9575,8800
2022-05-26,10300,9575,8800
2022-05-27,10300,9575,8800
2022-05-28,10300,9575,8800
2022-05-29,10300,9575,8800
2022-05-30,10275,9550,8800
2022-05-31,10275,9525,8775
2022-06-01,10275,9525,8775
2022-06-02,10275,9525,8775
2022-06-03,10250,9500,8750
2022-06-04,10250,9500,8750
2022-06-05,10250,9500,8750
2022-06-06,10225,9500,8725
2022-06-07,10200,9475,8700
2022-06-08,10200,9475,8700
2022-06-09,10200,9500,8725
2022-06-10,10200,9500,8725
2022-06-11,10200,9500,8725
2022-06-12,10200,9500,8725
2022-06-13,10200,9500,8725
2022-06-14,10200,9475,8700
2022-06-15,10175,9475,8700
2022-06-16,10175,9475,8700
2022-06-17,10175,9450,8700
2022-06-18,10175,9450,8700
2022-06-19,10175,9450,8700
2022-06-20,10175,9450,8700
2022-06-21,10175,9450,8650
2022-06-22,10200,9475,8650
2022-06-23,10225,9500,8650
2022-06-24,10225,9500,8650
2022-06-25,10225,9500,8650
2022-06-26,10225,9500,8650
2022-06-27,10200,9500,8625
2022-06-28,10200,9500,8625
2022-06-29,10200,9500,8625
2022-06-30,10200,9500,8625
2022-07-01,10200,9500,8650
2022-07-02,10200,9500,8650
2022-07-03,10200,9500,8650
2022-07-04,10225,9525,8675
2022-07-05,10225,9525,8675
2022-07-06,10225,9550,8675
2022-07-07,10225,9550,8700
2022-07-08,10225,9550,8700
2022-07-09,10225,9550,8700
2022-07-10,10225,9550,8700
2022-07-11,10250,9575,8700
2022-07-12,10275,9600,8700
2022-07-13,10275,9600,8700
2022-07-14,10300,9600,8725
2022-07-15,10300,9600,8725
2022-07-16,10300,9600,8725
2022-07-17,10300,9600,8725
2022-07-18,10300,9600,8750
2022-07-19,10300,9600,8750
2022-07-20,10325,9625,8775
2022-07-21,10350,9650,8800
2022-07-22,10375,9675,8825
2022-07-23,10375,9675,8825
2022-07-24,10375,9675,8825
2022-07-25,10400,9700,8850
2022-07-26,10400,9700,8850
2022-07-27,10400,9725,8875
2022-07-28,10400,9725,8875
2022-07-29,10400,9725,8875
2022-07-30,10400,9725,8875
2022-07-31,10400,9725,8875
2022-08-01,10400,9725,8875
2022-08-02,10425,9750,8900
2022-08-03,10425,9750,8900
2022-08-04,10450,9775,8900
2022-08-05,10475,9800,8925
2022-08-06,10475,9800,8925
2022-08-07,10475,9800,8925
2022-08-08,10500,9825,8950
2022-08-09,10500,9825,8950
2022-08-10,10525,9850,8975
2022-08-11,10550,9875,9000
2022-08-12,10550,9875,9000
2022-08-13,10550,9875,9000
2022-08-14,10550,9875,9000
2022-08-15,10575,9900,9025
2022-08-16,10575,9900,9025
2022-08-17,10575,9900,9025
2022-08-18,10600,9925,9050
2022-08-19,10625,9950,9075
2022-08-20,10625,9950,9075
2022-08-21,10625,9950,9075
2022-08-22,10625,9950,9075
2022-08-23,10625,9950,9075
2022-08-24,10625,9950,9100
2022-08-25,10600,9950,9100
2022-08-26,10625,9950,9100
2022-08-27,10625,9950,9100
2022-08-28,10625,9950,9100
2022-08-29,10650,9975,9100
2022-08-30,10650,9975,9125
2022-08-31,10675,9975,9150
2022-09-01,10700,10000,9150
2022-09-02,10700,10000,9150
2022-09-03,10700,10000,9150
2022-09-04,10700,10000,9150
2022-09-05,10725,10000,9175
2022-09-06,10725,10000,9175
2022-09-07,10725,10000,9200
2022-09-08,10725,10000,9200
2022-09-09,10725,10000,9200
2022-09-10,10725,10000,9200
2022-09-11,10725,10000,9200
2022-09-12,10725,10000,9200
2022-09-13,10750,10025,9225
2022-09-14,10750,10050,9250
2022-09-15,10750,10050,9275
2022-09-16,10750,10050,9275
2022-09-17,10750,10050,9275
2022-09-18,10750,10050,9275
2022-09-19,10750,10075,9275
2022-09-20,10700,10025,9225
2022-09-21,10700,10025,9225
2022-09-22,10675,10000,9225
2022-09-23,10650,9975,9225
2022-09-24,10650,9975,9225
2022-09-25,10650,9975,9225
2022-09-26,10625,9950,9225
2022-09-27,10625,9950,9225
2022-09-28,10625,9950,9225
2022-09-29,10625,9950,9225
2022-09-30,10600,9925,9200
2022-10-01,10600,9925,9200
2022-10-02,10600,9925,9200
2022-10-03,10625,9950,9200
2022-10-04,10625,9925,9175
2022-10-05,10625,9925,9150
2022-10-06,10625,9900,9150
2022-10-07,10625,9900,9150
2022-10-08,10625,9900,9150
2022-10-09,10625,9900,9150
2022-10-10,10650,9900,9150
2022-10-11,10675,9900,9175
2022-10-12,10700,9925,9175
2022-10-13,10725,9950,9200
2022-10-14,10750,9975,9225
2022-10-15,10750,9975,9225
2022-10-16,10750,9975,9225
2022-10-17,10750,10000,9250
2022-10-18,10750,10000,9250
2022-10-19,10750,10000,9250
2022-10-20,10750,10000,9250
2022-10-21,10750,10000,9250
2022-10-22,10750,10000,9250
2022-10-23,10750,10000,9250
2022-10-24,10725,9975,9250
2022-10-25,10725,9975,9250
2022-10-26,10725,9975,9275
2022-10-27,10700,9950,9275
2022-10-28,10700,9950,9275
2022-10-29,10700,9950,9275
2022-10-30,10700,9950,9275
2022-10-31,10700,9950,9275
2022-11-01,10700,9950,9275
2022-11-02,10700,9950,9275
2022-11-03,10700,9950,9275
2022-11-04,10725,9975,9275
2022-11-05,10725,9975,9275
2022-11-06,10725,9975,9275
2022-11-07,10750,10000,9275
2022-11-08,10775,10000,9275
2022-11-09,10800,10000,9275
2022-11-10,10825,10000,9300
2022-11-11,10850,10000,9300
2022-11-12,10850,10000,9300
2022-11-13,10850,10000,9300
2022-11-14,10875,10000,9300
2022-11-15,10875,10000,9300
2022-11-16,10900,10000,9300
2022-11-17,10900,10000,9300
2022-11-18,10925,10025,9325
2022-11-19,10925,10025,9325
2022-11-20,10925,10025,9325
2022-11-21,10950,10050,9350
2022-11-22,10975,10050,9375
2022-11-23,10975,10050,9400
2022-11-24,10975,10075,9400
2022-11-25,11000,10075,9425
2022-11-26,11000,10075,9425
2022-11-27,11000,10100,9450
2022-11-28,11000,10100,9450
2022-11-29,11000,10125,9475
2022-11-30,11000,10150,9500
2022-12-01,11025,10175,9525
2022-12-02,11050,10175,9550
2022-12-03,11050,10175,9550
2022-12-04,11050,10175,9550
2022-12-05,11050,10200,9575
2022-12-06,11075,10225,9600
2022-12-07,11100,10250,9625
2022-12-08,11125,10275,9650
2022-12-09,11150,10300,9675
2022-12-10,11150,10300,9675
2022-12-11,11150,10300,9675
2022-12-12,11150,10325,9700
2022-12-13,11150,10325,9700
2022-12-14,11150,10325,9700
2022-12-15,11150,10350,9700
2022-12-16,11150,10350,9700
2022-12-17,11150,10350,9700
2022-12-18,11150,10350,9700
2022-12-19,11150,10375,9700
2022-12-20,11175,10375,9725
2022-12-21,11175,10400,9750
2022-12-22,11175,10400,9775
2022-12-23,11150,10375,9775
2022-12-24,11150,10375,9775
2022-12-25,11150,10375,9775
2022-12-26,11150,10400,9775
2022-12-27,11175,10400,9775
2022-12-28,11175,10400,9775
2022-12-29,11175,10400,9775
2022-12-30,11175,10400,9800
2022-12-31,11175,10400,9800
